{
  "dsp_spec_version": "0.0.1",
  "last_updated_by": "",
  "last_updated": "2022-04-06T10:50:48.432Z",
  "entities": [
    {
      "class": "doc",
      "type": "page",
      "id": "D5BB331A-2483-4CC5-BCB7-82FFDC412B36",
      "name": "Introduction",
      "description": "# Success! Welcome to your new Design System Package (DSP)\nThis page is the introduction to your Design System Package. Use this page to welcome people to your system, [Markdown](https://commonmark.org/help/)  is fully supported to help you create whatever you need.\n\n# Start editing\nAs a DSP creator, you can enter **Edit mode** by clicking on the **Start editing** button at the bottom left. When you finish editing your docs, tokens, or components, please click on **Finish editing**. Adobe XD for Visual Studio Code will then compile your tokens to platform-specific code, and then you will be able to share the DSP package with your team.\n\nYou can edit the settings of your package on the \"DSP settings\" button, and to load a new DSP please click on the package icon at the top left.",
      "tags": []
    },
    {
      "class": "doc",
      "type": "page",
      "id": "7b5b7be1-8a77-48bb-a978-b4cd3b57124d",
      "name": "Principles",
      "description": "Edit this with the pencil icon. \n\n[Markdown](https://commonmark.org/help/) is supported to help you create great documentation for your design system.",
      "tags": []
    }
  ]
}